{"_wandb": {"runtime": 1}, "epoch_": 1, "_timestamp": 1699130897.8584647, "learning rate_train": 0.0004000059276876265, "_runtime": 2.2987117767333984, "_step": 0}