{"_wandb": {"runtime": 15}, "epoch_": 1, "_timestamp": 1699394199.3300056, "_runtime": 1.6056156158447266, "_step": 0}