{"_wandb": {"runtime": 10}, "epoch_": 1, "_timestamp": 1699560752.0961106, "_runtime": 1.273580551147461, "_step": 0}