{"_wandb": {"runtime": 0}, "epoch_": 1, "_timestamp": 1699403006.5339127, "_runtime": 0.8497786521911621, "_step": 0}