{"_wandb": {"runtime": 1}, "epoch_": 1, "_timestamp": 1699130764.4223025, "learning rate_train": 0.0004000059276876265, "_runtime": 2.1662235260009766, "_step": 0}