{"_wandb": {"runtime": 1}, "epoch_": 1, "_timestamp": 1699402448.5058644, "learning rate_train": 4.001944720537199e-05, "_runtime": 2.399235486984253, "_step": 0}