{"_wandb": {"runtime": 0}, "epoch_": 1, "_timestamp": 1699130341.8529215, "_runtime": 0.9867703914642334, "_step": 0}