{"_wandb": {"runtime": 1}, "epoch_": 1, "_timestamp": 1699561800.5860128, "_runtime": 1.1026067733764648, "_step": 0}