{"_wandb": {"runtime": 17}, "epoch_": 1, "_timestamp": 1699560423.1665416, "_runtime": 1.1800105571746826, "_step": 0}