{"epoch_": 1, "_timestamp": 1699541368.2134218, "learning rate_train": 4.001944720537199e-05, "predictions_train": {"_type": "table-file", "sha256": "99d2b7ac96b8f6772b3283d44d70eac358cbba98f59ca867a215faf7de43b50d", "size": 542, "artifact_path": "wandb-client-artifact://wqvpf6og0mhogte0rj753j1b77fa7l9o55nn3euaqpqp57htx11glclt4p11yeej57bbn9z2dlbqb292on0rtjgcglqmnpr7jnwuw9u831qskwam7f5ctwzd3z118awt:latest/predictions_train.table.json", "_latest_artifact_path": "wandb-client-artifact://wqvpf6og0mhogte0rj753j1b77fa7l9o55nn3euaqpqp57htx11glclt4p11yeej57bbn9z2dlbqb292on0rtjgcglqmnpr7jnwuw9u831qskwam7f5ctwzd3z118awt:latest/predictions_train.table.json", "path": "media/table/predictions_train_0_99d2b7ac96b8f6772b32.table.json", "ncols": 4, "nrows": 10}, "loss_train": 34.19354248046875, "grad norm_train": 100.00001525878906, "PESQ_train": 0.0, "EvalSISDR_train": -31.89553451538086, "CrossEntropy_train": 0.0, "_runtime": 5.02678370475769, "_step": 0}