{"_wandb": {"runtime": 5}, "epoch_": 1, "_timestamp": 1699403789.1631696, "learning rate_train": 4.001944720537199e-05, "predictions_train": {"_type": "table-file", "sha256": "99d2b7ac96b8f6772b3283d44d70eac358cbba98f59ca867a215faf7de43b50d", "size": 542, "artifact_path": "wandb-client-artifact://1tmrtxv7a1n1x5n9dbs41e85rqlxo44fx6pkaqqtaduf14zev3cz06l53nm2k7fupzfkar7tvmow22exu94lmv3h9642evd7hxxofb3u2sg6rykr341d6u5tgrde2a8z:latest/predictions_train.table.json", "_latest_artifact_path": "wandb-client-artifact://1tmrtxv7a1n1x5n9dbs41e85rqlxo44fx6pkaqqtaduf14zev3cz06l53nm2k7fupzfkar7tvmow22exu94lmv3h9642evd7hxxofb3u2sg6rykr341d6u5tgrde2a8z:latest/predictions_train.table.json", "path": "media/table/predictions_train_0_99d2b7ac96b8f6772b32.table.json", "ncols": 4, "nrows": 10}, "loss_train": 34.19354248046875, "grad norm_train": 100.00001525878906, "PESQ_train": 0.0, "EvalSISDR_train": -31.89553451538086, "_runtime": 3.567286729812622, "_step": 0}