{"_wandb": {"runtime": 1}, "epoch_": 1, "_timestamp": 1699130663.9261758, "learning rate_train": 0.0004000059276876265, "_runtime": 2.6641428470611572, "_step": 0}