{"_wandb": {"runtime": 1}, "epoch_": 1, "_timestamp": 1699403066.508749, "learning rate_train": 4.001944720537199e-05, "_runtime": 2.703373908996582, "_step": 0}