{"_wandb": {"runtime": 4}, "epoch_": 1, "_timestamp": 1699403936.9901505, "learning rate_train": 4.001944720537199e-05, "predictions_train": {"_type": "table-file", "sha256": "99d2b7ac96b8f6772b3283d44d70eac358cbba98f59ca867a215faf7de43b50d", "size": 542, "artifact_path": "wandb-client-artifact://eter2p8tphmn74c4ey1na2qvxtq60opry89hgzl1tzfpsxw4jw96rmfkme4kcabvx7ep3b57dcb96os6fdz2d0rgvcrhmxwe50g9671kz1aadr50u4lmwh61xhfhc63g:latest/predictions_train.table.json", "_latest_artifact_path": "wandb-client-artifact://eter2p8tphmn74c4ey1na2qvxtq60opry89hgzl1tzfpsxw4jw96rmfkme4kcabvx7ep3b57dcb96os6fdz2d0rgvcrhmxwe50g9671kz1aadr50u4lmwh61xhfhc63g:latest/predictions_train.table.json", "path": "media/table/predictions_train_0_99d2b7ac96b8f6772b32.table.json", "ncols": 4, "nrows": 10}, "loss_train": 34.19354248046875, "grad norm_train": 100.00001525878906, "PESQ_train": 0.0, "EvalSISDR_train": -31.89553451538086, "_runtime": 3.6203603744506836, "_step": 0}