{"_wandb": {"runtime": 1}, "epoch_": 1, "_timestamp": 1699403366.6499715, "learning rate_train": 4.001944720537199e-05, "_runtime": 2.365781545639038, "_step": 0}