{"_wandb": {"runtime": 1}, "epoch_": 1, "_timestamp": 1699402122.2765121, "learning rate_train": 4.001944720537199e-05, "_runtime": 2.404874086380005, "_step": 0}