{"_wandb": {"runtime": 0}, "epoch_": 1, "_timestamp": 1699564819.7250402, "_runtime": 1.1010501384735107, "_step": 0}