{"epoch_": 1, "_timestamp": 1699639341.740419, "learning rate_train": 0.001, "predictions_train": {"_type": "table-file", "sha256": "fbf4ece0d2d4f44691641e2568c69eefe2dd3fb9474b91b10860e4e37507b9a8", "size": 552, "artifact_path": "wandb-client-artifact://gc5owaz45h4h62aa931qibxip13wxt37dinbzixljt5eun2h9xo97hf53fcaeyt29ppzdjujzs703l3392qah7i95f0gn923arf3horjtuc1ti0lc7klij4bukfkfiqo:latest/predictions_train.table.json", "_latest_artifact_path": "wandb-client-artifact://gc5owaz45h4h62aa931qibxip13wxt37dinbzixljt5eun2h9xo97hf53fcaeyt29ppzdjujzs703l3392qah7i95f0gn923arf3horjtuc1ti0lc7klij4bukfkfiqo:latest/predictions_train.table.json", "path": "media/table/predictions_train_50_fbf4ece0d2d4f4469164.table.json", "ncols": 4, "nrows": 10}, "loss_train": 2.0124962094053624, "grad norm_train": 14.641267366409302, "PESQ_train": 0.0, "EvalSISDR_train": -1.9223673343658447, "CrossEntropy_train": 0.0, "_runtime": 101.36087584495544, "_step": 50, "_wandb": {"runtime": 101}, "steps_per_sec_train": 0.010287718262687503}