{"_wandb": {"runtime": 0}, "epoch_": 1, "_timestamp": 1699402968.3217988, "_runtime": 0.8678758144378662, "_step": 0}