{"_wandb": {"runtime": 1}, "epoch_": 1, "_timestamp": 1699402906.0663097, "learning rate_train": 4.001944720537199e-05, "_runtime": 2.412165641784668, "_step": 0}