{"_wandb": {"runtime": 3}, "epoch_": 1, "_timestamp": 1699625403.823251, "_runtime": 0.9875431060791016, "_step": 0}