{"_wandb": {"runtime": 12}, "epoch_": 1, "_timestamp": 1699560621.6832204, "_runtime": 1.1364812850952148, "_step": 0}