{"_wandb": {"runtime": 1}, "epoch_": 1, "_timestamp": 1699402342.6414702, "learning rate_train": 4.001944720537199e-05, "_runtime": 2.4702041149139404, "_step": 0}