{"_wandb": {"runtime": 10}, "epoch_": 1, "_timestamp": 1699560800.2832572, "_runtime": 1.1154303550720215, "_step": 0}