{"_wandb": {"runtime": 1}, "epoch_": 1, "_timestamp": 1699403110.7235296, "learning rate_train": 4.001944720537199e-05, "_runtime": 2.3713464736938477, "_step": 0}