{"_wandb": {"runtime": 1}, "epoch_": 1, "_timestamp": 1699402296.0490007, "learning rate_train": 4.001944720537199e-05, "_runtime": 2.569762706756592, "_step": 0}