{"_wandb": {"runtime": 1}, "epoch_": 1, "_timestamp": 1699403342.0005043, "learning rate_train": 4.001944720537199e-05, "_runtime": 2.2935352325439453, "_step": 0}