{"_wandb": {"runtime": 2}, "epoch_": 1, "_timestamp": 1699393646.1602247, "_runtime": 1.1166706085205078, "_step": 0}