{"_wandb": {"runtime": 2}, "epoch_": 1, "_timestamp": 1699540532.4537387, "_runtime": 8.262575626373291, "_step": 0}