{"_wandb": {"runtime": 11}, "epoch_": 1, "_timestamp": 1699404460.7769818, "_runtime": 0.8914487361907959, "_step": 0}