{"_wandb": {"runtime": 0}, "epoch_": 1, "_timestamp": 1699403262.2300162, "_runtime": 0.910778284072876, "_step": 0}