{"_wandb": {"runtime": 1}, "epoch_": 1, "_timestamp": 1699402539.9064436, "learning rate_train": 4.001944720537199e-05, "_runtime": 2.4087255001068115, "_step": 0}