{"_wandb": {"runtime": 0}, "epoch_": 1, "_timestamp": 1699403731.86916, "_runtime": 0.862097978591919, "_step": 0}