{"_wandb": {"runtime": 1}, "epoch_": 1, "_timestamp": 1699558691.8807614, "_runtime": 1.2593574523925781, "_step": 0}