{"_wandb": {"runtime": 0}, "epoch_": 1, "_timestamp": 1699403700.1372693, "_runtime": 0.9315571784973145, "_step": 0}