{"_wandb": {"runtime": 1}, "epoch_": 1, "_timestamp": 1699130994.0286658, "learning rate_train": 0.0004000059276876265, "_runtime": 2.398944854736328, "_step": 0}