{"_wandb": {"runtime": 1}, "epoch_": 1, "_timestamp": 1699130966.3485725, "learning rate_train": 0.0004000059276876265, "_runtime": 2.2359795570373535, "_step": 0}