{"_wandb": {"runtime": 0}, "epoch_": 1, "_timestamp": 1699128703.3224883, "_runtime": 1.0064961910247803, "_step": 0}