{"_wandb": {"runtime": 11}, "epoch_": 1, "_timestamp": 1699560850.6453536, "_runtime": 1.122220516204834, "_step": 0}