{"_wandb": {"runtime": 1}, "epoch_": 1, "_timestamp": 1699564378.8405762, "_runtime": 1.1493632793426514, "_step": 0}