{"_wandb": {"runtime": 1}, "epoch_": 1, "_timestamp": 1699130942.405244, "learning rate_train": 0.0004000059276876265, "_runtime": 2.2750751972198486, "_step": 0}