{"_wandb": {"runtime": 1}, "epoch_": 1, "_timestamp": 1699402476.1563458, "learning rate_train": 4.001944720537199e-05, "_runtime": 2.4110498428344727, "_step": 0}