{"_wandb": {"runtime": 1}, "epoch_": 1, "_timestamp": 1699131999.077635, "learning rate_train": 0.0004000059276876265, "_runtime": 2.312183141708374, "_step": 0}