{"_wandb": {"runtime": 15}, "epoch_": 1, "_timestamp": 1699393762.2005427, "_runtime": 1.1341426372528076, "_step": 0}