{"_wandb": {"runtime": 0}, "epoch_": 1, "_timestamp": 1699130279.8053534, "_runtime": 0.9555854797363281, "_step": 0}