{"_wandb": {"runtime": 1}, "epoch_": 1, "_timestamp": 1699131974.186769, "learning rate_train": 0.0004000059276876265, "_runtime": 2.24255108833313, "_step": 0}