{"_wandb": {"runtime": 1}, "epoch_": 1, "_timestamp": 1699129898.4433818, "_runtime": 0.9291908740997314, "_step": 0}