{"_wandb": {"runtime": 1}, "epoch_": 1, "_timestamp": 1699402384.7550716, "learning rate_train": 4.001944720537199e-05, "_runtime": 2.3561525344848633, "_step": 0}