{"_wandb": {"runtime": 2}, "epoch_": 1, "_timestamp": 1699401963.37019, "learning rate_train": 4.001944720537199e-05, "_runtime": 3.0969998836517334, "_step": 0}